,title,link
0,webpack 中最易混淆的 5 个知识点,http://mp.weixin.qq.com/s?__biz=MzI4OTU0NTU1NA==&mid=2247484799&idx=1&sn=8623e884088262a7dc6f8ae54e4e5508&chksm=ec2cc942db5b4054053e3a05b945310c21220bad49078e42c576f8b31610030a702b1e303199#rd
1,【程序中的数学】利用德摩根定律简化布尔运算,http://mp.weixin.qq.com/s?__biz=MzI4OTU0NTU1NA==&mid=2247484770&idx=1&sn=ba6a3b1e1ecb3e1bd83de9760ae9ad86&chksm=ec2cc95fdb5b404953f3367b401e29ff597c258062a22db4f32cc3530ac086b6dcb25725cdf7#rd
2,辛辛苦苦学会的 webpack dll 配置，可能已经过时了,http://mp.weixin.qq.com/s?__biz=MzI4OTU0NTU1NA==&mid=2247484745&idx=1&sn=d760fbcf833f7587e48f1befb6682e46&chksm=ec2cc974db5b4062567242691313428fe3a3c6ae5c77b7d4d990df6d6cf2653506ba1b9d8b9d#rd
3,【答疑解惑】为什么你的 Charles 会抓包失败？,http://mp.weixin.qq.com/s?__biz=MzI4OTU0NTU1NA==&mid=2247484718&idx=1&sn=467d52674347e875bd3d48782493a788&chksm=ec2cc913db5b4005e1f3ca85199b0388735f124c39509c0e8f92e7ac7f4a1599effa192d105b#rd
4,🧭 React Native 版本升级指南,http://mp.weixin.qq.com/s?__biz=MzI4OTU0NTU1NA==&mid=2247484692&idx=1&sn=84823f8f300cb328462ceed5b94e93bb&chksm=ec2cc929db5b403fb61503d6c9362791d01414634c4ce2d2cb8cb33e47c0b8c333598ee41a72#rd
5,15 张精美动图全面讲解 CORS,http://mp.weixin.qq.com/s?__biz=MzI4OTU0NTU1NA==&mid=2247484663&idx=1&sn=6f169656468a508895deb333263ae0c4&chksm=ec2cc8cadb5b41dc3a9b38fda59bb19220fc37ad32c6a0d89c90447546366d6d8133f4ebfeb4#rd
6,🦀️ 后羿采集器——最良心的爬虫软件,http://mp.weixin.qq.com/s?__biz=MzI4OTU0NTU1NA==&mid=2247484620&idx=1&sn=9a49bc100a4dc54da5628f21797a83b8&chksm=ec2cc8f1db5b41e76fed00332e35061f8e5cd0f9b508bf0f6cd520cebba1d3afa5556ec01863#rd
7,HTTP 规范中的那些暗坑,http://mp.weixin.qq.com/s?__biz=MzI4OTU0NTU1NA==&mid=2247484567&idx=1&sn=c109db909a82a1d040fb3e5b5bd3bf0d&chksm=ec2cc8aadb5b41bc58351d22bbd2c063b0a27c40bf98a1c54e32097742d6e64c68c740735c68#rd
8,🧭 Web Scraper 学习导航,http://mp.weixin.qq.com/s?__biz=MzI4OTU0NTU1NA==&mid=2247484536&idx=1&sn=dd3bb2aaeee0425c0d697f7edcba279f&chksm=ec2cc845db5b41530d9fe6b9186fc9439fafb23acc0bf8dc501000c6952b5f532cb3461ef5da#rd
9,推荐一个优秀的公众号,http://mp.weixin.qq.com/s?__biz=MzI4OTU0NTU1NA==&mid=2247484536&idx=2&sn=d7d12e7772cca7eb969e272484fe702d&chksm=ec2cc845db5b415302baab2cd1f0b1add7a8106d66f519d0060bc730fdeba31c138ffeda563c#rd
10,简易数据分析 18 | Web Scraper 高级用法——使用 CouchDB 存储数据,http://mp.weixin.qq.com/s?__biz=MzI4OTU0NTU1NA==&mid=2247484478&idx=1&sn=453bb8f0ab1926d8b56e68d7ede9b57c&chksm=ec2cc803db5b411560107af684759f29bd0d9c9f99514ae8430698388e9614e4e4fe17dbe0ad#rd
11,简易数据分析 17 | Web Scraper 高级用法——利用正则表达式筛选文本信息,http://mp.weixin.qq.com/s?__biz=MzI4OTU0NTU1NA==&mid=2247484474&idx=1&sn=7d81f7c48c7d8751a945783cd1535d2e&chksm=ec2cc807db5b4111cf7f5000bdac3f34136b52d1659164a26f28be132597f5c7c4eed138eb39#rd
12,简易数据分析 16 | Web Scraper 高级用法——抓取属性信息,http://mp.weixin.qq.com/s?__biz=MzI4OTU0NTU1NA==&mid=2247484469&idx=1&sn=66011c755c498d4441c0360b7ce7299d&chksm=ec2cc808db5b411e934eaa73272b7ebf735aaf1cef5bc4e0b53900ebb2cb4d35c634ea6c7364#rd
13,web scraper 提问须知,http://mp.weixin.qq.com/s?__biz=MzI4OTU0NTU1NA==&mid=2247484469&idx=2&sn=d119f5950551b1aac5807b0f88f5513f&chksm=ec2cc808db5b411e10279d0d3789b782891cab7d97e6bcb2231b2d56bf87a7534b2e3520c1c7#rd
14,React Native 性能优化指南,http://mp.weixin.qq.com/s?__biz=MzI4OTU0NTU1NA==&mid=2247484460&idx=1&sn=73efbdc3a3877d3ac0acc36a9ef60471&chksm=ec2cc811db5b4107e168733b44755b41cb19b9f42f544d446c21784e981f68b39971878cb219#rd
15,简易数据分析 15 | Web Scraper 高级用法——CSS 选择器的使用.,http://mp.weixin.qq.com/s?__biz=MzI4OTU0NTU1NA==&mid=2247484454&idx=1&sn=6ee183effa5f50d385a2484796de0ab0&chksm=ec2cc81bdb5b410d128d26c2a8819125334da4e6bb170ea7652ecb90e8d7277c78b00e56384d#rd
16,Web Scraper 翻页——利用 Link 选择器翻页 | 简易数据分析 14,http://mp.weixin.qq.com/s?__biz=MzI4OTU0NTU1NA==&mid=2247484450&idx=1&sn=70302948e9efca0de928a3ca9fc51907&chksm=ec2cc81fdb5b41090c5a5c8032405bb6bf67623f4bd1adde9eef078d096290af2635af85ac60#rd
17,简易数据分析 13 | Web Scraper 抓取二级页面（详情页）,http://mp.weixin.qq.com/s?__biz=MzI4OTU0NTU1NA==&mid=2247484446&idx=1&sn=94f5a195a610749699db0ad45d176c9f&chksm=ec2cc823db5b41358e39b883b8a6a61771645bfffae67af9f305d2d70514661bc93446046da4#rd
18,简易数据分析 12 | Web Scraper 翻页——抓取分页器翻页的网页,http://mp.weixin.qq.com/s?__biz=MzI4OTU0NTU1NA==&mid=2247484441&idx=1&sn=b537ff1d1982fe74381219c0d1037c95&chksm=ec2cc824db5b4132d9d994ac07044067af17d3c2f83e8203843efc6e719e05cef74ae2fc5669#rd
19,简易数据分析 11 | Web Scraper 抓取表格数据,http://mp.weixin.qq.com/s?__biz=MzI4OTU0NTU1NA==&mid=2247484435&idx=1&sn=39638ba6a7f1fa128fca6a6d6193a260&chksm=ec2cc82edb5b4138ae6936e076f0a9ef0473c0fe0c02e1e8e25d2268d7a09fc3a381179c0bac#rd
20,简易数据分析 10 | Web Scraper 翻页——抓取「滚动加载」类型网页,http://mp.weixin.qq.com/s?__biz=MzI4OTU0NTU1NA==&mid=2247484431&idx=1&sn=336da2e1d5dcbed4d986de440becf712&chksm=ec2cc832db5b4124368375dc271869d8b5c2ff52077bf1e56972efc996ed0135414f345c3ba6#rd
21,简易数据分析 09 | Web Scraper 自动控制抓取数量 & Web Scraper 父子选择器,http://mp.weixin.qq.com/s?__biz=MzI4OTU0NTU1NA==&mid=2247484420&idx=1&sn=920a1a8d26523fde0fe07b30b8bf40cd&chksm=ec2cc839db5b412f4e85e8fe787d5ddbee0c256b0bc81df8d773b0ce74ccdd73e232d32efcc1#rd
22,简易数据分析 08 | Web Scraper 翻页——点击「更多按钮」翻页,http://mp.weixin.qq.com/s?__biz=MzI4OTU0NTU1NA==&mid=2247484416&idx=1&sn=bd3e6cf6f341b99c7181cf255bdeaa26&chksm=ec2cc83ddb5b412b8d593be02248df04fc907e2dc41d902cfda7151b82bff01f27b7f3b588c2#rd
23,简易数据分析 07 | Web Scraper 抓取多条内容,http://mp.weixin.qq.com/s?__biz=MzI4OTU0NTU1NA==&mid=2247484405&idx=1&sn=45672911c7da912302c1b397fd80c611&chksm=ec2ccfc8db5b46de8bef10d2a685b25d88ad422cb11249aff1d98c452de3e53f27e71e679ba4#rd
24,简易数据分析 06 | 如何导入别人已经写好的 Web Scraper 爬虫,http://mp.weixin.qq.com/s?__biz=MzI4OTU0NTU1NA==&mid=2247484396&idx=1&sn=1acfd2770df617c277ae9c8691d81f87&chksm=ec2ccfd1db5b46c7c4e24c9640666a43937183d7e6f8ec90b9c4efb207bdb2486fd67bafca46#rd
25,简易数据分析 05 | Web Scraper 翻页——控制链接批量抓取数据,http://mp.weixin.qq.com/s?__biz=MzI4OTU0NTU1NA==&mid=2247484392&idx=1&sn=46e8e865eab87db1d5bf0dd0bcf0ffd3&chksm=ec2ccfd5db5b46c3c0e913a74aea5b3efef989121830ce0eb13391a4dbe4030074192661964d#rd
26,简易数据分析 04 | Web Scraper 初尝：抓取豆瓣高分电影,http://mp.weixin.qq.com/s?__biz=MzI4OTU0NTU1NA==&mid=2247484380&idx=1&sn=a4c2b7c516a863c14bb7aba5c78180da&chksm=ec2ccfe1db5b46f7512e140dbab6121a44b656b7c166edff7219932135d599abdea6695e4604#rd
27,简易数据分析 03 | 浏览器中那些不为人知的使用技巧,http://mp.weixin.qq.com/s?__biz=MzI4OTU0NTU1NA==&mid=2247484374&idx=1&sn=09ea2496ab604542058c2ad36541a41c&chksm=ec2ccfebdb5b46fde164cc0aa9916a3f0c60890ae5b7d5af98e642d87827a5468644bed7903b#rd
28,简易数据分析 02 | Web Scraper 的下载与安装,http://mp.weixin.qq.com/s?__biz=MzI4OTU0NTU1NA==&mid=2247484370&idx=1&sn=c5950b04614a3a2bc1165f7b77423bb9&chksm=ec2ccfefdb5b46f9da7f1975655e73c7de7f7c555f4927aed85954ff09f485970c2e17e9dae0#rd
29,简易数据分析 01 | 为什么我们要学习数据分析？,http://mp.weixin.qq.com/s?__biz=MzI4OTU0NTU1NA==&mid=2247484370&idx=2&sn=a175305715b468c65c4a45377e478350&chksm=ec2ccfefdb5b46f916786b79fcf9547f7df489dba382c47893dba405f81cf475a6726caedbb3#rd
30,2019 过去一半，我突然有个大胆的想法,http://mp.weixin.qq.com/s?__biz=MzI4OTU0NTU1NA==&mid=2247484357&idx=1&sn=b1355dffd955add04ae54a26fec109bc&chksm=ec2ccff8db5b46eea6d95c27639945f959c1711e6d9abdbf939dfa11e0cd74bc2bc1ac0d5278#rd
31,10000 万年前的海岸线是如何影响 2016 年美国大选的,http://mp.weixin.qq.com/s?__biz=MzI4OTU0NTU1NA==&mid=2247484345&idx=1&sn=5d0345d732ad6be370c0a948f48a35d2&chksm=ec2ccf84db5b4692289a3d054d52e61d82b4cb1b619ebb7ca71b42793566c8bf3b0d5ae99721#rd
32,造谣成本有多低？一行代码就可以截图造假,http://mp.weixin.qq.com/s?__biz=MzI4OTU0NTU1NA==&mid=2247484333&idx=1&sn=1fff6424053c48a228b12d711f3c145c&chksm=ec2ccf90db5b4686fe53cfc9f551c5dcf583b12c9ef98e46d46dfe6b9e533e6747b1de5dbd99#rd
33,你看到的地图是这个世界的真实面目吗？,http://mp.weixin.qq.com/s?__biz=MzI4OTU0NTU1NA==&mid=2247484328&idx=1&sn=9705de8d881f25a3674c79830de72298&chksm=ec2ccf95db5b4683759114a0f68a9b3b1eb7a3c5e24fab3dcbde50404f23d1533fe4805bfee5#rd
34,霸王龙夺走雷神之锤，这样的联动海报你一定没有见过,http://mp.weixin.qq.com/s?__biz=MzI4OTU0NTU1NA==&mid=2247484322&idx=1&sn=b927e7b116a986059c6a78c5b84a6fb8&chksm=ec2ccf9fdb5b46897ffe37bb51fbebe4cf79f4e1bf133e4bcb97567c5450932ef5755f1e8129#rd
35,分享图片,http://mp.weixin.qq.com/s?__biz=MzI4OTU0NTU1NA==&mid=2247484315&idx=1&sn=dfa9af24186c2d60c5999d8099aaf2fd&chksm=ec2ccfa6db5b46b02a12ec3ea06aa1f90fd04bfc0ed367660efa7a0e8d03eb4dc7d04bb6cbd4#rd
36,数据可视化 | 这个网站堪称漫威宇宙百科全书,http://mp.weixin.qq.com/s?__biz=MzI4OTU0NTU1NA==&mid=2247484312&idx=1&sn=5c314fc6d6310adfe99230968ca0e0ce&chksm=ec2ccfa5db5b46b3a36977e9d9e573380aff97060ab5fada69056624354d74472195d2dede48#rd
37,可视化 | 10 张 3D 建模图还原「巴黎圣母院」火灾细节,http://mp.weixin.qq.com/s?__biz=MzI4OTU0NTU1NA==&mid=2247484312&idx=2&sn=b8bb391ca40137c469152d6ca35d7e8c&chksm=ec2ccfa5db5b46b3991500c6399100eb16603d546a00502e2fd98315edc551a0420a89b78c0a#rd
38,可视化 | 10 张 3D 建模图还原「巴黎圣母院」火灾细节,http://mp.weixin.qq.com/s?__biz=MzI4OTU0NTU1NA==&mid=2247484287&idx=1&sn=f4c15fcab22b1c9885c832770a2fb796&chksm=ec2ccf42db5b46542a47e6518eae296019035cb6dff97cd189481eb3fee293db72b62ccff452#rd
39,数据可视化 | 996.ICU 是如何引爆 GitHub 的,http://mp.weixin.qq.com/s?__biz=MzI4OTU0NTU1NA==&mid=2247484261&idx=1&sn=dc3565dd5063eb27925d49d15a35e94c&chksm=ec2ccf58db5b464ea8f07ccfde1dfb0b3de02a541f98b33ebfc922b0e7c68b18887e4a93323a#rd
40,氪爆的卡池，真的是随机出 SSR 吗？,http://mp.weixin.qq.com/s?__biz=MzI4OTU0NTU1NA==&mid=2247484251&idx=1&sn=712392b94348f7acf75273517a4592df&chksm=ec2ccf66db5b46706c2374b8ec3ee769bc806d409217a6cdc4b0385b414dd5dfa1b7f44f999c#rd
41,送外卖月入 1w 难吗？,http://mp.weixin.qq.com/s?__biz=MzI4OTU0NTU1NA==&mid=2247484239&idx=1&sn=7346a9be3beafe94505211c487211835&chksm=ec2ccf72db5b46643909cfba2f76104ff91511c14352811f33e695a9da208d0b747f795fdfa3#rd
42,数据可视化 | 如何酷炫的表示 2975 名人大代表？,http://mp.weixin.qq.com/s?__biz=MzI4OTU0NTU1NA==&mid=2247484223&idx=1&sn=90dfb8822cd1eb74dc1568a2d7a76d4b&chksm=ec2ccf02db5b46141a5620605f721742b41cdd1491d4b24fa92adb7ac55dc64836150369b6f7#rd
43,你的隐私数据是怎么泄漏的,http://mp.weixin.qq.com/s?__biz=MzI4OTU0NTU1NA==&mid=2247484202&idx=1&sn=3e06c1f06d59c572d8e0c96a0b252134&chksm=ec2ccf17db5b4601b85df7b0dd9e9754e7ca19584a9ab48b1d6705945daab99ecc3c344cb007#rd
44,我要给京东金融 APP “洗地”了,http://mp.weixin.qq.com/s?__biz=MzI4OTU0NTU1NA==&mid=2247484194&idx=1&sn=b39c7914e701f782d8afd1bd6d602fc4&chksm=ec2ccf1fdb5b4609d924c7d50df7e9b900c3282dbbc969ca4de171a212f4781a46f12896387a#rd
45,浅谈 APP Store 的流量生意,http://mp.weixin.qq.com/s?__biz=MzI4OTU0NTU1NA==&mid=2247484181&idx=1&sn=8a47370156a5251dc7b815b259f0179b&chksm=ec2ccf28db5b463eb0cdd71696ba8185c045d75553af9277543095b9ac5071e347b78707de08#rd
46,互联网暗流中的羊毛产业链,http://mp.weixin.qq.com/s?__biz=MzI4OTU0NTU1NA==&mid=2247484164&idx=1&sn=eab67e6e5d8de85f9387e849aed8e71c&chksm=ec2ccf39db5b462fd6493ebf3877d261752191202430a9639f887ea10e9e96df77c5fd88490b#rd
47,大学里我犯的那些错,http://mp.weixin.qq.com/s?__biz=MzI4OTU0NTU1NA==&mid=2247484154&idx=1&sn=4b0cdee23e447f298f3e4dae24578d8b&chksm=ec2ccec7db5b47d1642373c193813db6b6a6d50a9ca84e59bf07e0801c0bbf62a8acd9a1edc2#rd
48,坑惨马蜂窝的爬虫，到底是个什么东西？,http://mp.weixin.qq.com/s?__biz=MzI4OTU0NTU1NA==&mid=2247484142&idx=1&sn=f6d61495eb70c419474fe271bb1b6b66&chksm=ec2cced3db5b47c53d64fd1e64bba260c2d67d8ec3319fdd13bfec5157bd43e3d86268ded5bf#rd
49,锦鲤之下的套路,http://mp.weixin.qq.com/s?__biz=MzI4OTU0NTU1NA==&mid=2247484125&idx=1&sn=271c8936fafd1f63b1c7c32cdc349159&chksm=ec2ccee0db5b47f64c2e4b2e5f8a15cc1f0d90cc3489012be79b55b7c807fc8716290658d7cf#rd
50,95后平均7个月就离职？用小米手机的都是中产？,http://mp.weixin.qq.com/s?__biz=MzI4OTU0NTU1NA==&mid=2247484112&idx=1&sn=232cb1cce1fd126a7ae124d72167184e&chksm=ec2cceeddb5b47fb7e4aedab866c252ff2b917e4be6bde7a6a9d40cdcd6ae2d73ce4aa053436#rd
51,区块链入门指南,http://mp.weixin.qq.com/s?__biz=MzI4OTU0NTU1NA==&mid=2247484103&idx=1&sn=5c40716ebc6404302c5c0bffc2b5e62d&chksm=ec2ccefadb5b47eca1144c9b9161662d6dbcb4b4d3ebeb1701e788f731da17042b54a5800d70#rd
52,编程答疑：记不住运算符优先级怎么办？,http://mp.weixin.qq.com/s?__biz=MzI4OTU0NTU1NA==&mid=2247484089&idx=1&sn=ff286896f87349e49d887ee16894a054&chksm=ec2cce84db5b479210b90fc1f7e6c41c8d6807a79f18af567e42f913d140454d33d3e4437832#rd
53,实习这件小事,http://mp.weixin.qq.com/s?__biz=MzI4OTU0NTU1NA==&mid=2247484080&idx=1&sn=d0491893ffcd1bcb0305ea7096458ebc&chksm=ec2cce8ddb5b479b43ad2a490e3a3e56d290c10a8a6560ae5e9bf564d7bef8e9c03cfa16ca3d#rd
54,为什么我不再对材料进行劝退,http://mp.weixin.qq.com/s?__biz=MzI4OTU0NTU1NA==&mid=2247484069&idx=1&sn=afc164032964edaa36422c660d0e2245&chksm=ec2cce98db5b478e87ca09a726752c727acfd37b4d3eb3f8c4924bc7ef60a664621d46643383#rd
55,20 多人问我怎么入门编程，最久的坚持了 2 个月,http://mp.weixin.qq.com/s?__biz=MzI4OTU0NTU1NA==&mid=2247484061&idx=1&sn=1e80a7564f2ad5a693d26528a4895c4a&chksm=ec2ccea0db5b47b60fd727c071f7764fb701fe5b8f50b921e86c9dd43dd4701b14266860d921#rd
56,小学生放假与过年相亲的关系,http://mp.weixin.qq.com/s?__biz=MzI4OTU0NTU1NA==&mid=2247484056&idx=1&sn=c67de620effe27b6e5be2daca71a3939&chksm=ec2ccea5db5b47b3580ee65e1d39726f4a6b441093643bfa4cd5a358a70756733972c4a1a205#rd
57,消失的这段时间我做了些什么,http://mp.weixin.qq.com/s?__biz=MzI4OTU0NTU1NA==&mid=2247484043&idx=1&sn=844d3a2c7e60a112465cad2bc994a1bf&chksm=ec2cceb6db5b47a0adc45919d30f7055e564b14869af8cdb36afcd5eb3497305694c137d6b28#rd
58,无敌酷炫啦啦啦的弦图,http://mp.weixin.qq.com/s?__biz=MzI4OTU0NTU1NA==&mid=2247484038&idx=1&sn=64753be6db37af9b43c27f2999797cbd&chksm=ec2ccebbdb5b47ad75b633745e191965744ac40b68b77c9a035964c63c7ae6a074fe4cedf0a8#rd
59,项目流程怎么做？巧用图表来表示！,http://mp.weixin.qq.com/s?__biz=MzI4OTU0NTU1NA==&mid=2247484028&idx=1&sn=842d589a46aee1a3b3c2fbcbf4678401&chksm=ec2cce41db5b475784442debf6c97d6d8d46d8f62496129dbef26e31e2f2b25a3892facbc6aa#rd
60,漏斗图的实现,http://mp.weixin.qq.com/s?__biz=MzI4OTU0NTU1NA==&mid=2247484014&idx=1&sn=92b762a221f83ac80c62115135fbd1fd&chksm=ec2cce53db5b4745dcdf3703f216a9c808f7fbc774054e3b2e358ae2f832fd51bf7850720873#rd
61,一个可以让本公众号关闭的PPT插件发布了,http://mp.weixin.qq.com/s?__biz=MzI4OTU0NTU1NA==&mid=2247483996&idx=1&sn=ef15efdf79bbb40fecae3f79ead15f3c&chksm=ec2cce61db5b47771a1d96e16bc4546ce9a1e49f46aba114a7eb058bbcdbdd7c3ea505a8274e#rd
62,自带背景的折线图,http://mp.weixin.qq.com/s?__biz=MzI4OTU0NTU1NA==&mid=2247483981&idx=1&sn=4e2d34b42a4083467ec4cad34c38adde&chksm=ec2cce70db5b4766d7a6c26d9f87e3fcc53158af0147f53d70f2ad9e2bc104b412f8080d0494#rd
63,PPT制作渐变色折线图,http://mp.weixin.qq.com/s?__biz=MzI4OTU0NTU1NA==&mid=2247483969&idx=1&sn=78b9e9a174477299dd3796dbd52eb0e7&chksm=ec2cce7cdb5b476af7717f1c89310c3bf2a17e0de8fbee5ac0c1266e38ac9a2b5d45712cbf6c#rd
64,PPT高仿《穹顶之下》曲线图,http://mp.weixin.qq.com/s?__biz=MzI4OTU0NTU1NA==&mid=2247483953&idx=1&sn=5c13869805956717df4fbeb6424c905f&chksm=ec2cce0cdb5b471a300dbdfc3a2b6a2088bbad1c7898d576fe90b722d84299ca54e55cd672a3#rd
65,条形图基础技术大盘点,http://mp.weixin.qq.com/s?__biz=MzI4OTU0NTU1NA==&mid=2247483935&idx=1&sn=bb91951c3a07a63c005e81501383bb82&chksm=ec2cce22db5b4734c80db7ec842247375f72276414466641d6501cd46ea3a61de1c0c4e9df48#rd
66,简单的条形图动画,http://mp.weixin.qq.com/s?__biz=MzI4OTU0NTU1NA==&mid=2247483926&idx=1&sn=379ee32a8ee3294b3ef0c0cdc7169191&chksm=ec2cce2bdb5b473d940707d0c213573f8234526182fc9d3b37696ded7bd8e524f93944465b71#rd
67,火箭图的制作,http://mp.weixin.qq.com/s?__biz=MzI4OTU0NTU1NA==&mid=2247483911&idx=1&sn=41eac5f2b5ae960c226a47d133596c69&chksm=ec2cce3adb5b472c1d1326111856cbbf873a9b857cb170478f6f6d25f635e494cbb49c100021#rd
68,山峰图的制作,http://mp.weixin.qq.com/s?__biz=MzI4OTU0NTU1NA==&mid=2247483901&idx=1&sn=e28bd8ad9889ce86584e80f5cd5ae123&chksm=ec2ccdc0db5b44d640eae18020fcc51d69a4f2025054eb1c4326b77c627bc33f8d92cb20228d#rd
69,这些知识不仅可以做PPT，还可以用来发朋友圈,http://mp.weixin.qq.com/s?__biz=MzI4OTU0NTU1NA==&mid=2247483889&idx=1&sn=b195acb83f3fd9520cc74aeef3d83f94&chksm=ec2ccdccdb5b44daa88de638c745b18c5fff4d362df1afe2008154fc881c888fcbc727389aa7#rd
70,2017，人工智能会替代多少职业？,http://mp.weixin.qq.com/s?__biz=MzI4OTU0NTU1NA==&mid=2247483871&idx=1&sn=af18836d1467845c88f87518d4e9d703&chksm=ec2ccde2db5b44f42836d8c7e76f6f41215b982397c404757b3c0ea0ac0737fc5b66506417fc#rd
71,积极向上的锯齿图,http://mp.weixin.qq.com/s?__biz=MzI4OTU0NTU1NA==&mid=2247483859&idx=1&sn=3acbe6d1b4102d53cf03a1fd18e43840&chksm=ec2ccdeedb5b44f8197a47e1bce9a784091913c9c6b7d680863bb6390b87eb45c6dfd1c5e0f8#rd
72,嗷呜~,http://mp.weixin.qq.com/s?__biz=MzI4OTU0NTU1NA==&mid=2247483846&idx=1&sn=122ff0b7396d915a75eb53c21bd36f23&chksm=ec2ccdfbdb5b44ed6af8859e46e710b952811a6539796aed39a496f9fc05ce393f1c5d3a3180#rd
73,电池狂人的大满足——高仿锤子科技条形图,http://mp.weixin.qq.com/s?__biz=MzI4OTU0NTU1NA==&mid=2247483833&idx=1&sn=ca88255f61b624e503b51c450a139348&chksm=ec2ccd84db5b44929a1a45171d01bdb4f7fc16ba6b369f7e5dfcc6c4d5aa88569ead79808397#rd
74,如何用很6的图表表示六级通过率？,http://mp.weixin.qq.com/s?__biz=MzI4OTU0NTU1NA==&mid=2247483810&idx=1&sn=c319401ffe1691e8197c720209b5e40b&chksm=ec2ccd9fdb5b448913e507b225efb7a04f09f7179a15b72f411df1ea8769fde1d7243bba87dd#rd
75,神器推荐：一分钟把手绘转换为可编辑图标,http://mp.weixin.qq.com/s?__biz=MzI4OTU0NTU1NA==&mid=2247483789&idx=1&sn=f97f6a8e52494ced6a9f4d9d154117e0&chksm=ec2ccdb0db5b44a66b100f39034669ba5c972b4a938892906efeae1a37fbb8c846f0e6874bb7#rd
76,三分钟亲手打造一枚小图标,http://mp.weixin.qq.com/s?__biz=MzI4OTU0NTU1NA==&mid=2247483769&idx=1&sn=a5ef7717ef063e20890651fabe0ca575&chksm=ec2ccd44db5b44529729c988d39f0825fe0c3283df051e16141fc61e20f55182611960c1f537#rd
77,如何快速提升PPT品质感？,http://mp.weixin.qq.com/s?__biz=MzI4OTU0NTU1NA==&mid=2247483731&idx=1&sn=1bd60c7b9c5f9e990aa0ebcb636cddc1&chksm=ec2ccd6edb5b4478eeda30d96493cc01cdb95e8612a5aa24ea2c6513ce6186fb15910a8bf3b5#rd
78,信息图表的表现技巧,http://mp.weixin.qq.com/s?__biz=MzI4OTU0NTU1NA==&mid=2247483712&idx=1&sn=5ee2da1d4db44a374489761598da9de1&chksm=ec2ccd7ddb5b446bff73c048078321d313c076ef29908937d3d4c16b254fa1df31df5be39038#rd
79,懂了那么多技巧，还是做不好PPT——信息图表初探,http://mp.weixin.qq.com/s?__biz=MzI4OTU0NTU1NA==&mid=2247483672&idx=1&sn=730423beb99c021dd1e8453a8a3366db&chksm=ec2ccd25db5b4433354f5db76a779e21d8da73f9fb521c877f25ef3ade403a51bda412753ddb#rd
80,学习PPT前的三点建议,http://mp.weixin.qq.com/s?__biz=MzI4OTU0NTU1NA==&mid=2247483654&idx=1&sn=5963edab24c6512f47fcba78baa76b2a&chksm=ec2ccd3bdb5b442dcd596eb5d160d522756fd1ff1c7437f4f13b474b2f9219b1ceaf5d02f174#rd
